{
    "\u5f02\u5e381.mp4": {
        "total_frames": 407,
        "motion_frames": 403,
        "motion_ratio": 0.9901719901719902,
        "max_motion_area": 473040.0,
        "avg_motion_area": 120643.33126550869,
        "centroids_count": 403,
        "heatmap_metrics": {
            "grid_energy_distribution": [
                0.1213996559381485,
                0.14877407252788544,
                0.10660798847675323,
                0.13490533828735352,
                0.1563655585050583,
                0.08524574339389801,
                0.09029436111450195,
                0.09687287360429764,
                0.05891984701156616
            ],
            "total_motion_energy": 45594652.0
        }
    },
    "\u5f02\u5e382.mp4": {
        "total_frames": 263,
        "motion_frames": 258,
        "motion_ratio": 0.9809885931558935,
        "max_motion_area": 498414.0,
        "avg_motion_area": 152169.05813953487,
        "centroids_count": 258,
        "heatmap_metrics": {
            "grid_energy_distribution": [
                0.07269033789634705,
                0.10811163485050201,
                0.10559852421283722,
                0.0986047238111496,
                0.17216414213180542,
                0.14896517992019653,
                0.05844584107398987,
                0.1143123209476471,
                0.11927355825901031
            ],
            "total_motion_energy": 35742508.0
        }
    },
    "\u5f02\u5e383.mp4": {
        "total_frames": 394,
        "motion_frames": 185,
        "motion_ratio": 0.46954314720812185,
        "max_motion_area": 352006.5,
        "avg_motion_area": 120857.55945945946,
        "centroids_count": 185,
        "heatmap_metrics": {
            "grid_energy_distribution": [
                0.12205840647220612,
                0.14649473130702972,
                0.07556767761707306,
                0.1448938250541687,
                0.17918707430362701,
                0.08543828874826431,
                0.07028830796480179,
                0.10181596875190735,
                0.07404730468988419
            ],
            "total_motion_energy": 22373494.0
        }
    },
    "\u5f02\u5e384.mp4": {
        "total_frames": 368,
        "motion_frames": 187,
        "motion_ratio": 0.5081521739130435,
        "max_motion_area": 293500.5,
        "avg_motion_area": 75405.32085561498,
        "centroids_count": 187,
        "heatmap_metrics": {
            "grid_energy_distribution": [
                0.14060841500759125,
                0.21308574080467224,
                0.05281287059187889,
                0.11132963001728058,
                0.17126473784446716,
                0.08428589999675751,
                0.03614990785717964,
                0.0954800620675087,
                0.09489651024341583
            ],
            "total_motion_energy": 14483799.0
        }
    },
    "\u5f02\u5e385.mp4": {
        "total_frames": 505,
        "motion_frames": 454,
        "motion_ratio": 0.899009900990099,
        "max_motion_area": 309879.0,
        "avg_motion_area": 47981.33149779736,
        "centroids_count": 454,
        "heatmap_metrics": {
            "grid_energy_distribution": [
                0.035040128976106644,
                0.10265831649303436,
                0.22820794582366943,
                0.04848533496260643,
                0.05418580770492554,
                0.1790614128112793,
                0.061411306262016296,
                0.09817633032798767,
                0.18709219992160797
            ],
            "total_motion_energy": 22069210.0
        }
    },
    "\u5f02\u5e386.mp4": {
        "total_frames": 546,
        "motion_frames": 158,
        "motion_ratio": 0.2893772893772894,
        "max_motion_area": 660231.0,
        "avg_motion_area": 48138.854430379746,
        "centroids_count": 158,
        "heatmap_metrics": {
            "grid_energy_distribution": [
                0.11845822632312775,
                0.18044845759868622,
                0.04594315215945244,
                0.07514311373233795,
                0.14855660498142242,
                0.09373045712709427,
                0.061727430671453476,
                0.12677086889743805,
                0.14901059865951538
            ],
            "total_motion_energy": 7735799.0
        }
    },
    "\u6b63\u5e381.mp4": {
        "total_frames": 336,
        "motion_frames": 332,
        "motion_ratio": 0.9880952380952381,
        "max_motion_area": 77920.5,
        "avg_motion_area": 42084.54518072289,
        "centroids_count": 332,
        "heatmap_metrics": {
            "grid_energy_distribution": [
                0.025720827281475067,
                0.06482085585594177,
                0.048760633915662766,
                0.08309292048215866,
                0.18728654086589813,
                0.16563232243061066,
                0.0776643306016922,
                0.17071878910064697,
                0.1760588437318802
            ],
            "total_motion_energy": 14787277.0
        }
    },
    "\u6b63\u5e382.mp4": {
        "total_frames": 571,
        "motion_frames": 426,
        "motion_ratio": 0.7460595446584939,
        "max_motion_area": 660231.0,
        "avg_motion_area": 26731.406103286386,
        "centroids_count": 426,
        "heatmap_metrics": {
            "grid_energy_distribution": [
                0.10059835016727448,
                0.10382771492004395,
                0.03926633670926094,
                0.1149585023522377,
                0.1535433977842331,
                0.10365212708711624,
                0.10408981889486313,
                0.15320484340190887,
                0.12672510743141174
            ],
            "total_motion_energy": 12204882.0
        }
    },
    "\u6b63\u5e383.mp4": {
        "total_frames": 293,
        "motion_frames": 175,
        "motion_ratio": 0.5972696245733788,
        "max_motion_area": 96298.5,
        "avg_motion_area": 27686.137142857144,
        "centroids_count": 175,
        "heatmap_metrics": {
            "grid_energy_distribution": [
                0.0685318261384964,
                0.12189175188541412,
                0.05433874949812889,
                0.14474621415138245,
                0.14762772619724274,
                0.1039276048541069,
                0.08892244100570679,
                0.10699181258678436,
                0.16277386248111725
            ],
            "total_motion_energy": 5511702.0
        }
    },
    "\u6b63\u5e384.mp4": {
        "total_frames": 450,
        "motion_frames": 403,
        "motion_ratio": 0.8955555555555555,
        "max_motion_area": 52855.5,
        "avg_motion_area": 25738.75930521092,
        "centroids_count": 403,
        "heatmap_metrics": {
            "grid_energy_distribution": [
                0.04008239135146141,
                0.09251859039068222,
                0.10661659389734268,
                0.09141942113637924,
                0.1290721744298935,
                0.23537643253803253,
                0.08973176032304764,
                0.08031869679689407,
                0.13313694298267365
            ],
            "total_motion_energy": 11993546.0
        }
    },
    "\u6b63\u5e385.mp4": {
        "total_frames": 471,
        "motion_frames": 358,
        "motion_ratio": 0.7600849256900213,
        "max_motion_area": 126302.0,
        "avg_motion_area": 17777.032122905028,
        "centroids_count": 358,
        "heatmap_metrics": {
            "grid_energy_distribution": [
                0.054763276129961014,
                0.07615354657173157,
                0.030558394268155098,
                0.15330030024051666,
                0.1834016889333725,
                0.0667007565498352,
                0.15677931904792786,
                0.20658177137374878,
                0.06884724646806717
            ],
            "total_motion_energy": 7247174.0
        }
    }
}